"🔗 github pages mirror","","","","","","","","","","","","","","","","","","","","","","","","","","","",""
"","","  tdkumon's progress log 
  daily progress log for everything that seems relevant to me","","","","","","","","","","","","","","","","","","","","","","","","","",""
"","more comprehensible tracking sheet w/ only start & finish dates  tracking sheet (public version)","","","","","","","","","","","","","","","","","","","","","","","","","","",""
"","","","two values = i slept in between","","","","","","","","","","","","","","","","","","","","","","","","",""
"","date","title","playtime/episodes/etc","note","","","","","","","","","","","","","","","","","","","","","","","",""
"","August 2026","","","","","","","","","","","","","","","","","","","","","","","","","","",""
"","24","Hinamizawa Bunkou - Final Match (Higurashi Shmup)","","1. run Normal/KeiichiA: died at final stage (i think, hanyuu stage) (used up all continues)
2. run Normal/KeiichiB: died at stage 4 (mion), didn't continue
saw this on twitter and checked it out, wish i could read japanese","","","","","","","","","","","","","","","","","","","","","","","",""
"","","started Black Lagoon: The Second Barrage","episode 1-","","","","","","","","","","","","","","","","","","","","","","","","",""
"","23","watched My Little Pony: Equestria Girls","","i messed up, was supposed to watch this between season 3 & 4","","","","","","","","","","","","","","","","","","","","","","","",""
"","","Houseki no Kuni (Manga)","chapter 45-61","","","","","","","","","","","","","","","","","","","","","","","","",""
"","","My Little Pony: Friendship Is Magic - Season 4","episode 8-10","","","","","","","","","","","","","","","","","","","","","","","","",""
"","","watched La La Land","","","","","","","","","","","","","","","","","","","","","","","","","",""
"","22","Houseki no Kuni (Manga)","chapter 21-44","","","","","","","","","","","","","","","","","","","","","","","","",""
"","","Quake","24m
35m","","","","","","","","","","","","","","","","","","","","","","","","",""
"","","My Little Pony: Friendship Is Magic - Season 4","episode 7","","","","","","","","","","","","","","","","","","","","","","","","",""
"","","watched Taxi Driver","","","","","","","","","","","","","","","","","","","","","","","","","",""
"","21","Houseki no Kuni (Manga)","chapter 14-20","","","","","","","","","","","","","","","","","","","","","","","","",""
"","","finished Black Lagoon (Season 1)","episode 7-12","","","","","","","","","","","","","","","","","","","","","","","","",""
"","","One Piece (Manga)","chapter 1191","","","","","","","","","","","","","","","","","","","","","","","","",""
"","","watched Tamako Love Story","","","","","","","","","","","","","","","","","","","","","","","","","",""
"","20","Houseki no Kuni (Manga)","chapter 10-13","","","","","","","","","","","","","","","","","","","","","","","","",""
"","","started Quake","~45m","","","","","","","","","","","","","","","","","","","","","","","","",""
"","","started Black Lagoon (Season 1)","episode 1-6","","","","","","","","","","","","","","","","","","","","","","","","",""
"","","watched Django Unchained","","","","","","","","","","","","","","","","","","","","","","","","","",""
"","","Re:ZERO -Starting Life in Another World- Season 4","episode 13","","","","","","","","","","","","","","","","","","","","","","","","",""
"","19","finished Tamako Market (+ Specials)","episode 9-12 & 6 shorts","","","","","","","","","","","","","","","","","","","","","","","","",""
"","","My Little Pony: Friendship Is Magic - Season 4","episode 6","","","","","","","","","","","","","","","","","","","","","","","","",""
"","","(re)started Houseki no Kuni (Manga)","chapter 1-9","read the first three chapters in the beginning of this year (or end of last year idk), couldn't get into it and never continued it","","","","","","","","","","","","","","","","","","","","","","","",""
"","","Fate/stay night (VN)","4h 30m","finished Unlimited Blade Works Route: 
Day 16 (True + Good End)","taking a break for a few days & watching some anime and films etc before starting Heaven's Feel Route","","","","","","","","","","","","","","","","","","","","","","",""
"","18","started Pokémon Unbound","~50m","looks very well made but I only played it for a little because I was bored and can't read Fate right now so I won't promise I'll actually play it but I'll try","","","","","","","","","","","","","","","","","","","","","","","",""
"","","started Tamako Market","episode 1
episode 2-6
episode 7 & 8","","","","","","","","","","","","","","","","","","","","","","","","",""
"","17","read 22-26: Fujimoto Tatsuki Tanpenshuu","","","","","","","","","","","","","","","","","","","","","","","","","",""
"","","Fate/stay night (VN)","4h 30m","Unlimited Blade Works Route: Day 15","","","","","","","","","","","","","","","","","","","","","","","",""
"","","My Little Pony: Friendship Is Magic - Season 4","episode 5","","","","","","","","","","","","","","","","","","","","","","","","",""
"","","watched Tokyo Godfathers","","","","","","","","","","","","","","","","","","","","","","","","","",""
"","","One Piece (Anime)","episode 1174","","","","","","","","","","","","","","","","","","","","","","","","",""
"","16","read 17-21: Fujimoto Tatsuki Tanpenshuu","","","","","","","","","","","","","","","","","","","","","","","","","",""
"","","Touhou 7: Perfect Cherry Blossom","","Reimu A, Hard Difficulty
died at stage 4, didn't continue","","","","","","","","","","","","","","","","","","","","","","","",""
"","","read Tokidoki","","","","","","","","","","","","","","","","","","","","","","","","","",""
"","","My Little Pony: Friendship Is Magic - Season 4","episode 3
episode 4","","","","","","","","","","","","","","","","","","","","","","","","",""
"","","redacted","episode 7","","","","","","","","","","","","","","","","","","","","","","","","",""
"","15","played Half-Life: Opposing Force","~5h","","","","","","","","","","","","","","","","","","","","","","","","",""
"","","Fate/stay night (VN)","~5h","Unlimited Blade Works Route: finished Day 13 & Day 14","","","","","","","","","","","","","","","","","","","","","","","",""
"","14","started My Little Pony: Friendship Is Magic - Season 4","episode 1 & 2","","","","","","","","","","","","","","","","","","","","","","","","",""
"","","watched Millennium Actress","","","","","","","","","","","","","","","","","","","","","","","","","",""
"","","Fate/stay night (VN)","5h 20m","Unlimited Blade Works Route: 
finished Day 11, Day 12 & started Day 13","","","","","","","","","","","","","","","","","","","","","","","",""
"","13","finished Azumanga Daioh (Manga) (+ Hoshuu-hen)","chapter 32-41*
& 3 chapters Hoshuu-hen","* MAL & AniList count multi-part chapters individually, i tracked them together (it comes out as 69 chapters on MAL/AniList)","","","","","","","","","","","","","","","","","","","","","","","",""
"","","Fate/stay night (VN)","2h 20m","Unlimited Blade Works Route: Day 10 & started Day 11","","","","","","","","","","","","","","","","","","","","","","","",""
"","","Re:ZERO -Starting Life in Another World- Season 4","episode 6 & 7
episode 8-12","finally catching up","","","","","","","","","","","","","","","","","","","","","","","",""
"","12","Fate/stay night (VN)","~2h","Unlimited Blade Works Route: Day 9","","","","","","","","","","","","","","","","","","","","","","","",""
"","","Azumanga Daioh (Manga)","chapter 16-21
chapter 22-31","","","","","","","","","","","","","","","","","","","","","","","","",""
"","","(started) German Dub of 
K-On (Season 1), Haruhi (Season 1), Higurashi (Season 1)","episode 1 of each","couldn't sleep and have been wanting to check out the german dubs of these three so i took the initiative tonight 
idk if i'll continue them, we'll see","think this was counterproductive, i finally got rid of my desire to rewatch everything i just watched last year and started watching new stuff, but now i wanna rewatch all of these three (in japanese not in german lol)","","","","","","","","","","","","","","","","","","","","","","",""
"","11","Azumanga Daioh (Manga)","chapter 11-15","","","","","","","","","","","","","","","","","","","","","","","","",""
"","","Fate/stay night (VN)","2h 40m","Unlimited Blade Works Route: Day 7 & 8","","","","","","","","","","","","","","","","","","","","","","","",""
"","","finished Sayonara Zetsubou Sensei (Season 1)","episode 7-12","","","","","","","","","","","","","","","","","","","","","","","","",""
"","10","One Piece (Anime)","episode 1173","","","","","","","","","","","","","","","","","","","","","","","","",""
"","","started Sayonara Zetsubou Sensei (Season 1)","episode 1-6","","","","","","","","","","","","","","","","","","","","","","","","",""
"","09","started Azumanga Daioh (Manga)","chapter 1-10","","","","","","","","","","","","","","","","","","","","","","","","",""
"","","Fate/stay night (VN)","2h 20m","Unlimited Blade Works Route: Day 6","","","","","","","","","","","","","","","","","","","","","","","",""
"","","finished Fire Punch","chapter 40-83","","","","","","","","","","","","","","","","","","","","","","","","",""
"","08","Fate/stay night (VN)","2h 30m","Unlimited Blade Works Route: Day 5","","","","","","","","","","","","","","","","","","","","","","","",""
"","","Fire Punch","chapter 19-39","","","","","","","","","","","","","","","","","","","","","","","","",""
"","","Genshiken (Manga)","chapter 7","","","","","","","","","","","","","","","","","","","","","","","","",""
"","07","finally finished My Little Pony: Friendship Is Magic - Season 3","episode 12 & 13","","","","","","","","","","","","","","","","","","","","","","","","",""
"","","One Piece (Manga)","chapter 1190","","","","","","","","","","","","","","","","","","","","","","","","",""
"","","started Fire Punch","chapter 1-18","","","","","","","","","","","","","","","","","","","","","","","","",""
"","","Fate/stay night (VN)","~1h","Unlimited Blade Works Route: finished Day 4","","","","","","","","","","","","","","","","","","","","","","","",""
"","","started Genshiken (Manga)","chapter 1-6","","","","","","","","","","","","","","","","","","","","","","","","",""
"","06","finished Ping Pong the Animation","episode 4-11","","","","","","","","","","","","","","","","","","","","","","","","",""
"","","finished Hidamari Sketch x Honeycomb + Sae & Hiro Graduation","episode 9-12 & 2 ep OVA","","","","","","","","","","","","","","","","","","","","","","","","",""
"","05","Fate/stay night (VN)","37m 
(too tired + eyes are dry as hell)","Unlimited Blade Works Route: started Day 4","","","","","","","","","","","","","","","","","","","","","","","",""
"","","started Ping Pong the Animation","episode 1-3","","","","","","","","","","","","","","","","","","","","","","","","",""
"","","Hidamari Sketch x Honeycomb","episode 6-8","","","","","","","","","","","","","","","","","","","","","","","","",""
"","","watched Pulp Fiction","","","","","","","","","","","","","","","","","","","","","","","","","",""
"","04","One Piece (Anime)","episode 1172","","","","","","","","","","","","","","","","","","","","","","","","",""
"","","watched REDLINE","","","","","","","","","","","","","","","","","","","","","","","","","",""
"","","Hidamari Sketch x Honeycomb","episode 2-5","","","","","","","","","","","","","","","","","","","","","","","","",""
"","","Fate/stay night (VN)","2h 10m","started Unlimited Blade Works Route: Day 1-3","","","","","","","","","","","","","","","","","","","","","","","",""
"","03","started Hidamari Sketch x Honeycomb","episode 1","","","","","","","","","","","","","","","","","","","","","","","","",""
"","","finished Umineko When They Cry Episode 4: Alliance of the Golden Witch (Manga)","chapter 19-24
chapter 25-29","","","","","","","","","","","","","","","","","","","","","","","","",""
"","","finished Katanagatari (Anime)","episode 11 & 12","","","","","","","","","","","","","","","","","","","","","","","","",""
"","02","Kaisou Toshi Danpenshuu","chapter 2","","","","","","","","","","","","","","","","","","","","","","","","",""
"","","Umineko When They Cry Episode 4: Alliance of the Golden Witch (Manga)","chapter 10-14
chapter 15-18","","","","","","","","","","","","","","","","","","","","","","","","",""
"","","Katanagatari (Anime)","episode 8-10","","","","","","","","","","","","","","","","","","","","","","","","",""
"","01","started Umineko When They Cry Episode 4: Alliance of the Golden Witch (Manga)","chapter 1-9","","","","","","","","","","","","","","","","","","","","","","","","",""
"","","Pokémon (Anime) (Indigo League)","episode 10 & 11","somehow i've remembered every episode so far
maybe i should've watched yu-gi-oh instead since i never did ","","","","","","","","","","","","","","","","","","","","","","","",""
"","","Katanagatari (Anime)","episode 5-7","","","","","","","","","","","","","","","","","","","","","","","","",""
"","July 2026","","","17/07/2026: just realized this said ""July 2027"" for 17 days","","","","","","","","","","","","","","","","","","","","","","","",""
"","31","Katanagatari (Anime)","episode 4","","","","","","","","","","","","","","","","","","","","","","","","",""
"","","Fate/stay night (VN)","4h 20m
~6h","<- Fate Route: finished Day 13 & Day 14
<- finished Fate Route: Day 15 & epilogue","","","","","","","","","","","","","","","","","","","","","","","",""
"","30","Pokémon (Anime) (Indigo League)","episode 9","","","","","","","","","","","","","","","","","","","","","","","","",""
"","","Fate/stay night (VN)","3h 45m
2h 30m","<- Fate Route: finished Day 11 & 12
<- Fate Route: started Day 13","","","","","","","","","","","","","","","","","","","","","","","",""
"","","started Katanagatari (Anime)","episode 1-3","","","","","","","","","","","","","","","","","","","","","","","","",""
"","29","Pokémon (Anime) (Indigo League)","episode 8","","","","","","","","","","","","","","","","","","","","","","","","",""
"","","watched Perfect Blue","","","","","","","","","","","","","","","","","","","","","","","","","",""
"","","Fate/stay night (VN)","2h 10m
1h 25m (yes i slept three times)
2h 40m","<- Fate Route: Day 9 & started Day 10
<- Fate Route: finished Day 10
<- Fate Route: started Day 11","","","","","","","","","","","","","","","","","","","","","","","",""
"","28","started Pokémon (Anime) (Indigo League)","episode 1-4
episode 5-7","idk just felt like it, watching in japanese. think i only watched Indigo League and Orange Islands back then","","","","","","","","","","","","","","","","","","","","","","","",""
"","","Fate/stay night (VN)","1h 50m
1h 10m","<- Fate Route: Day 7
<- Fate Route: Day 8
","","","","","","","","","","","","","","","","","","","","","","","",""
"","","One Piece (Anime)","episode 1171","","","","","","","","","","","","","","","","","","","","","","","","",""
"","","Shoujo Ramune","episode 6","already got subbed in december 2025 but i missed it","","","","","","","","","","","","","","","","","","","","","","","",""
"","","watched A Kite","","","","","","","","","","","","","","","","","","","","","","","","","",""
"","27","Fate/stay night (VN)","~5h","Fate Route: Day 5 & 6","","","","","","","","","","","","","","","","","","","","","","","",""
"","","finished Hidamari Sketch x ☆☆☆ (+ Specials) & Hidamari Sketch x SP","episode 11 & 12 + 2 Specials
Hidamari Sketch x SP (2 eps)
","","","","","","","","","","","","","","","","","","","","","","","","",""
"","26","Hidamari Sketch x ☆☆☆","episode 9 & 10","","","","","","","","","","","","","","","","","","","","","","","","",""
"","","Fate/stay night (VN)","~2h 50m
~ 4h 20m","<- Fate Route: started Day 3
<- Fate Route: finished Day 3 & Day 4","","","","","","","","","","","","","","","","","","","","","","","",""
"","25","Hidamari Sketch x ☆☆☆","episode 6-8","","","","","","","","","","","","","","","","","","","","","","","","",""
"","","started Fate/stay night (VN)","~4h 40m
~3h","<- read the prologue
<- started Fate Route: Day 1 & 2","","","","","","","","","","","","","","","","","","","","","","","",""
"","24","One Piece (Manga)","chapter 1189","","","","","","","","","","","","","","","","","","","","","","","","",""
"","","finished Umineko When They Cry Episode 3: Banquet of the Golden Witch (Manga)","chapter 15-22","","","","","","","","","","","","","","","","","","","","","","","","",""
"","","Hidamari Sketch x ☆☆☆","episode 3-5","","","","","","","","","","","","","","","","","","","","","","","","",""
"","23","Umineko When They Cry Episode 3: Banquet of the Golden Witch (Manga)","chapter 10-14","","","","","","","","","","","","","","","","","","","","","","","","",""
"","","probably dropped Melty Blood Re-ACT (filtered)","~1h?","i just can't beat G-Akiha, can't even get one out of two wins.
tried a cheesing strat i found online but doesn't work for me","","","","","","","","","","","","","","","","","","","","","","","",""
"","","started Hidamari Sketch x ☆☆☆","episode 1
episode 2","","","","","","","","","","","","","","","","","","","","","","","","",""
"","","One Piece (Anime)","episode 1170","","","","","","","","","","","","","","","","","","","","","","","","",""
"","22","Melty Blood Re-ACT","~3h 10m","Route 4: ""Freaks Channel"" & Route 5: ""Other tale""
hover for Route 6 note","Route 6 is so hard, i don't know what to do, G-Akiha is impossible even after i set the difficulty even lower and this is the route with the most fights i think so it takes like 10 minutes to get back to her each time i lose. i just wanna read the story man why is easy modo still so difficult, i can't even get the first out of two wins on her
i'm not a gamer i don't have the mental strength for this stuff anymore
idk i'll try again tomorrow probably, but if i don't get it idk what to do, the last (and true) route can only be played after having done all other routes so i can't even just skip this one","","","","","","","","","","","","","","","","","","","","","","",""
"","","Umineko When They Cry Episode 3: Banquet of the Golden Witch (Manga)","chapter 6-9","","","","","","","","","","","","","","","","","","","","","","","","",""
"","","finished The Sopranos - Season 6","episode 14 & 15
epsiode 16-21","","","","","","","","","","","","","","","","","","","","","","","","",""
"","21","started Umineko When They Cry Episode 3: Banquet of the Golden Witch (Manga)","chapter 1-5","","","","","","","","","","","","","","","","","","","","","","","","",""
"","","Melty Blood Re-ACT","~3h 45m","Route 2: ""GOODBYE"" & Route 3: ""Hologram Summer""
had to turn down the difficulty by one, playing mostly for the story anyway and i don't wanna restart the route and skip for 10 minutes every time i lose bcuz i suck at fighting games
eeeh?! easy modo?!","","","","","","","","","","","","","","","","","","","","","","","",""
"","","The Sopranos - Season 6","episode 12
episode 13","","","","","","","","","","","","","","","","","","","","","","","","",""
"","20","started Melty Blood Re-ACT","~3h","Route 1: ""AGITATOR""","","","","","","","","","","","","","","","","","","","","","","","",""
"","","The Sopranos - Season 6","episode 6 & 7
episode 8-11","","","","","","","","","","","","","","","","","","","","","","","","",""
"","19","finished* Kagetsu Tohya","4h 40m","*hover for note","i didn't do all side stories, i did Ciel's, Akiha's, Arcueid's, Kiri Nanaya's and Arihiko's.
The other ones seem to be mostly fun side stories anyway like Ciel's, the Dawn one sounds the most interesting from the ones I'm missing but it isn't even written by Nasu so idk, and the last one about SHIKI sounds interesting but I can't do that one since it only unlocks after having done all of them.

I'm burnt out, I can't finish the rest. I should've done each side story after I unlocked them during the main story, but since I assumed they'd all be 10 minutes long I thought I'd do them in the end. They're all like 1 hour minimum and again, I'm so burnt out of this VN...","","","","","","","","","","","","","","","","","","","","","","",""
"","","started The Sopranos - Season 6","episode 1-5","","","","","","","","","","","","","","","","","","","","","","","","",""
"","","finished Hidamari Sketch x 365 (+ Specials)","episode 13 & 3 Specials","","","","","","","","","","","","","","","","","","","","","","","","",""
"","18","Hidamari Sketch x 365","episode 10-","","","","","","","","","","","","","","","","","","","","","","","","",""
"","","Kagetsu Tohya","8h","Day 29-46 (Normal + True End) & 2 1/2 side stories
not marking as finished, still have the side stories to read","","","","","","","","","","","","","","","","","","","","","","","",""
"","17","Kagetsu Tohya","4h 20m","Day 13-28","","","","","","","","","","","","","","","","","","","","","","","",""
"","","Hidamari Sketch x 365","episode 6-9","","","","","","","","","","","","","","","","","","","","","","","","",""
"","","finished The Sopranos - Season 5","episode 9-11
episode 12 & 13","","","","","","","","","","","","","","","","","","","","","","","","",""
"","16","Kagetsu Tohya","~53m","Day 11 & 12","","","","","","","","","","","","","","","","","","","","","","","",""
"","","dropped Grand Theft Auto: Liberty City Stories","~45m","(hover for reason) edit 17/07/2026: i keep thinking the black corner from the note is a gnat on my monitor","dunno, haven't played a lot in the last few days, last like 10 missions were just a hassle and for the one i was on at the moment i desperately needed armor and at least an smg but i ran out of money and getting money over and over again... think it's time to just let it go, thought about cheating my way through the end and actually did for the one mission i was stuck at, but idk, what's the point. don't think i've finished even a handful of games in the past 2 years. there goes another one","","","","","","","","","","","","","","","","","","","","","","",""
"","","finished Umineko When They Cry Episode 2: Turn of the Golden Witch (Manga)","chapter 11-28","","","","","","","","","","","","","","","","","","","","","","","","",""
"","","The Sopranos - Season 5","episode 8","","","","","","","","","","","","","","","","","","","","","","","","",""
"","15","The Sopranos - Season 5","episode 4-7","","","","","","","","","","","","","","","","","","","","","","","","",""
"","","Hidamari Sketch x 365","episode 4 & 5","","","","","","","","","","","","","","","","","","","","","","","","",""
"","","started Umineko When They Cry Episode 2: Turn of the Golden Witch (Manga)","chapter 1-","","","","","","","","","","","","","","","","","","","","","","","","",""
"","14","finished Umineko When They Cry Episode 1: Legend of the Golden Witch (Manga)
","chapter 16-23","","","","","","","","","","","","","","","","","","","","","","","","",""
"","","started The Sopranos - Season 5","episode 1-3","","","","","","","","","","","","","","","","","","","","","","","","",""
"","","One Piece (Anime)","episode 1169","","","","","","","","","","","","","","","","","","","","","","","","",""
"","","Hidamari Sketch x 365","episode 2 & 3","","","","","","","","","","","","","","","","","","","","","","","","",""
"","","finished The Sopranos - Season 4","episode 11-13","","","","","","","","","","","","","","","","","","","","","","","","",""
"","13","started Hidamari Sketch x 365","episode 1","","","","","","","","","","","","","","","","","","","","","","","","",""
"","","Kagetsu Tohya","45m","Day 10","","","","","","","","","","","","","","","","","","","","","","","",""
"","","The Sopranos - Season 4","episode 4-10","","","","","","","","","","","","","","","","","","","","","","","","",""
"","12","Umineko When They Cry Episode 1: Legend of the Golden Witch (Manga)","chapter 7-15","","","","","","","","","","","","","","","","","","","","","","","","",""
"","","Kagetsu Tohya","~2h 10m","Day 6-9","","","","","","","","","","","","","","","","","","","","","","","",""
"","","The Sopranos - Season 4","episode 3","","","","","","","","","","","","","","","","","","","","","","","","",""
"","11","started The Sopranos - Season 4","episode 1 & 2","","","","","","","","","","","","","","","","","","","","","","","","",""
"","","started Umineko When They Cry Episode 1: Legend of the Golden Witch (Manga)","chapter 1-6","","","","","","","","","","","","","","","","","","","","","","","","",""
"","","Grand Theft Auto: Liberty City Stories","1h","these missions suck so hard right now
surely i'll finish this game","","","","","","","","","","","","","","","","","","","","","","","",""
"","","Kagetsu Tohya","1h 24m","Day 2, 4 & 5","","","","","","","","","","","","","","","","","","","","","","","",""
"","","finished The Sopranos - Season 3","episode 11-13","","","","","","","","","","","","","","","","","","","","","","","","",""
"","10","One Piece (Manga)","chapter 1188","","","","","","","","","","","","","","","","","","","","","","","","",""
"","","started Kagetsu Tohya","2h","Day 1 & 3 (accidentally skipped Day 2 but as far as I know the order doesn't matter)","","","","","","","","","","","","","","","","","","","","","","","",""
"","","The Sopranos - Season 3","episode 4-10","","","","","","","","","","","","","","","","","","","","","","","","",""
"","09","started The Sopranos - Season 3","episode 1-3","","","","","","","","","","","","","","","","","","","","","","","","",""
"","","watched One Piece: Heroines","","","","","","","","","","","","","","","","","","","","","","","","","",""
"","","One Piece (Anime)","episode 1164-1168","","","","","","","","","","","","","","","","","","","","","","","","",""
"","","finished The Sopranos - Season 2","rest of episode 12 & 13","","","","","","","","","","","","","","","","","","","","","","","","",""
"","08","The Sopranos - Season 2","episode 4-11
& beginning of episode 12
","","","","","","","","","","","","","","","","","","","","","","","","",""
"","07","started The Sopranos - Season 2","episode 1-3","","","","","","","","","","","","","","","","","","","","","","","","",""
"","","read Tsukihime PLUS-DISC","~2h 30m","","","","","","","","","","","","","","","","","","","","","","","","",""
"","","finished The Sopranos - Season 1","episode 8-13","","","","","","","","","","","","","","","","","","","","","","","","",""
"","06","started The Sopranos - Season 1","episode 1-7","","","","","","","","","","","","","","","","","","","","","","","","",""
"","05","finished Tsukihime (2000 VN)","~10h","started & finished Kohaku's Route + Eclipse
was a little brain afk and read like a toddler (more than usual)","","","","","","","","","","","","","","","","","","","","","","","",""
"","04","Grand Theft Auto: Liberty City Stories","~50m","","","","","","","","","","","","","","","","","","","","","","","","",""
"","","started Kaisou Toshi Danpenshuu (new Tsukumizu work)","chapter 1","AWESOME","","","","","","","","","","","","","","","","","","","","","","","",""
"","","Tsukihime (2000 VN)","~9h 15m","finished Hisui's Route (True + Good End)","","","","","","","","","","","","","","","","","","","","","","","",""
"","03","Tsukihime (2000 VN)","~1h","started Hisui's Route","","","","","","","","","","","","","","","","","","","","","","","",""
"","","One Piece (Manga)","chapter 1187","","","","","","","","","","","","","","","","","","","","","","","","",""
"","","Grand Theft Auto: Liberty City Stories","1h 53m
~1h 45m","","","","","","","","","","","","","","","","","","","","","","","","",""
"","","finished Deadman Wonderland (Manga)","chapter 53-57 (vol. 13)","mal and anilist say there are 58 chapters but the final chapter was 57 in the release i read idk if they counted a bonus chapter","","","","","","","","","","","","","","","","","","","","","","","",""
"","02","Deadman Wonderland (Manga)","chapter 45-52 (vol. 11 & 12)","","","","","","","","","","","","","","","","","","","","","","","","",""
"","","finished Hidamari Sketch (Season 1) (+ Specials)","episode 10-12 & 2 Specials","","","","","","","","","","","","","","","","","","","","","","","","",""
"","01","Grand Theft Auto: Liberty City Stories","1h","","","","","","","","","","","","","","","","","","","","","","","","",""
"","","Hidamari Sketch (Season 1)","episode 5-9","","","","","","","","","","","","","","","","","","","","","","","","",""
"","","Deadman Wonderland (Manga)","chapter 32-44 (vol. 8-10)","","","","","","","","","","","","","","","","","","","","","","","","",""
"","June 2026","","","","","","","","","","","","","","","","","","","","","","","","","","",""
"","30","started Hidamari Sketch (Season 1)","episode 1-4","It seems as if every episode ends with Yuno in the tub","","","","","","","","","","","","","","","","","","","","","","","",""
"","","Grand Theft Auto: Liberty City Stories","~2h (+10m of bullshit because i was too tired)","","","","","","","","","","","","","","","","","","","","","","","","",""
"","29","Deadman Wonderland (Manga)","chapter 17-21 (vol. 5)
chapter 22-31 (vol. 6 & 7)","","","","","","","","","","","","","","","","","","","","","","","","",""
"","","started Grand Theft Auto: Liberty City Stories","~2h 50m","","","","","","","","","","","","","","","","","","","","","","","","",""
"","28","Deadman Wonderland (Manga)","chapter 13-16 (vol. 4)","1 chapter per hour it's too hot for reading","","","","","","","","","","","","","","","","","","","","","","","",""
"","","Tsukihime (2000 VN)","4h 23m","finished Akiha's Route (True + Normal + ""Extra Normal"" End)","","","","","","","","","","","","","","","","","","","","","","","",""
"","27","started Deadman Wonderland (Manga)","chapter 1-12 (vol. 1-3)","","","","","","","","","","","","","","","","","","","","","","","","",""
"","","finished Non Non Biyori Nonstop (+ OVA)","episode 10-12
& 1 ep OVA","","","","","","","","","","","","","","","","","","","","","","","","",""
"","","Tsukihime (2000 VN)","1h 55m","","","","","","","","","","","","","","","","","","","","","","","","",""
"","26","One Piece (Manga)","chapter 1186","","","","","","","","","","","","","","","","","","","","","","","","",""
"","","Non Non Biyori Nonstop","episode 6
episode 7-9","","","","","","","","","","","","","","","","","","","","","","","","",""
"","","Tsukihime (2000 VN)","2h 26m
3h 18m
","started Akiha's Route","","","","","","","","","","","","","","","","","","","","","","","",""
"","25","finished Deltarune Chapter 5 (+ Secret Boss & Weird Route)","1h 50m","","","","","","","","","","","","","","","","","","","","","","","","",""
"","","finished Aku no Hana (Manga)","chapter 33-37 (vol. 7)
chapter 38-58 (vol. 8-11)","","","","","","","","","","","","","","","","","","","","","","","","",""
"","","Non Non Biyori Nonstop","episode 3
episode 4 & 5","","","","","","","","","","","","","","","","","","","","","","","","",""
"","24","started Deltarune Chapter 5","6h 8m","","","","","","","","","","","","","","","","","","","","","","","","",""
"","","started Non Non Biyori Nonstop","episode 1 & 2","","","","","","","","","","","","","","","","","","","","","","","","",""
"","","Aku no Hana (Manga)","chapter 23-27 (vol. 5)
chapter 28-32 (vol. 6)","","","","","","","","","","","","","","","","","","","","","","","","",""
"","23","started Aku no Hana (Manga)","chapter 1-22 (vol. 1-4)","","","","","","","","","","","","","","","","","","","","","","","","",""
"","","finished The Amazing Digital Circus","episode 6-9","","","","","","","","","","","","","","","","","","","","","","","","",""
"","22","finished Naruto (Manga)","chapter 658-700 (vol. 69-72)","","","","","","","","","","","","","","","","","","","","","","","","",""
"","","The Amazing Digital Circus","episode 3-5","","","","","","","","","","","","","","","","","","","","","","","","",""
"","21","started The Amazing Digital Circus","episode 1 & 2","","","","","","","","","","","","","","","","","","","","","","","","",""
"","","Naruto (Manga)","chapter 618-657 (vol. 65-68)","","","","","","","","","","","","","","","","","","","","","","","","",""
"","20","Naruto (Manga)","chapter 576-617 (vol. 61-64)","waow... a stack","","","","","","","","","","","","","","","","","","","","","","","",""
"","19","Naruto (Manga)","chapter 535-575 (vol. 57-60)","","","","","","","","","","","","","","","","","","","","","","","","",""
"","18","Naruto (Manga)","chapter 525-534 (vol. 56)","","","","","","","","","","","","","","","","","","","","","","","","",""
"","","watched Non Non Biyori Movie: Vacation","","","","","","","","","","","","","","","","","","","","","","","","","",""
"","","finished Non Non Biyori Repeat (+ OVA)","episode 11 & 12
& 1 ep OVA","","","","","","","","","","","","","","","","","","","","","","","","",""
"","17","Non Non Biyori Repeat","episode 8-10","","","","","","","","","","","","","","","","","","","","","","","","",""
"","","Touhou 7: Perfect Cherry Blossom","","Reimu A, Hard Difficulty
died at stage 3, didn't continue","","","","","","","","","","","","","","","","","","","","","","","",""
"","","Naruto (Manga)","chapter 495-524 (vol. 53-55)","","","","","","","","","","","","","","","","","","","","","","","","",""
"","16","Non Non Biyori Repeat","episode 6 & 7","","","","","","","","","","","","","","","","","","","","","","","","",""
"","","Naruto (Manga)","chapter 464-494 (vol. 50-52)","","","","","","","","","","","","","","","","","","","","","","","","",""
"","15","started Non Non Biyori Repeat","episode 1-5","","","","","","","","","","","","","","","","","","","","","","","","",""
"","","Naruto (Manga)","chapter 454-463 (vol. 49)","","","","","","","","","","","","","","","","","","","","","","","","",""
"","14","Naruto (Manga)","chapter 433-453 (vol. 47 & 48)","","","","","","","","","","","","","","","","","","","","","","","","",""
"","","Tsukihime (2000 VN)","4h 27m","finished Ciel's Route (True + Good End)","","","","","","","","","","","","","","","","","","","","","","","",""
"","13","Touhou 7: Perfect Cherry Blossom","","Reimu A, Hard Difficulty (first time)
died after the third continue at stage 6 at yuyukos flower homing thingamajig, didn't even think i'd get through stage 4. 
not bad for the first try on hard i guess","","","","","","","","","","","","","","","","","","","","","","","",""
"","","Naruto (Manga)","chapter 403-432 (vol. 44-46)","","","","","","","","","","","","","","","","","","","","","","","","",""
"","","Tsukihime (2000 VN)","1h 15m","","","","","","","","","","","","","","","","","","","","","","","","",""
"","","One Piece (Manga)","chapter 1185","","","","","","","","","","","","","","","","","","","","","","","","",""
"","","finished Non Non Biyori (Season 1) (+ OVA)","episode 11 & 12
& 1 ep OVA","","","","","","","","","","","","","","","","","","","","","","","","",""
"","12","Non Non Biyori (Season 1)","episode 9 & 10","","","","","","","","","","","","","","","","","","","","","","","","",""
"","","Tsukihime (2000 VN)","1h 55m","","","","","","","","","","","","","","","","","","","","","","","","",""
"","","Naruto (Manga)","chapter 370-402 (vol. 41-43)","","","","","","","","","","","","","","","","","","","","","","","","",""
"","11","Non Non Biyori (Season 1)","episode 6-8","","","","","","","","","","","","","","","","","","","","","","","","",""
"","","Naruto (Manga)","chapter 320-369 (vol. 36-40)","","","","","","","","","","","","","","","","","","","","","","","","",""
"","10","Non Non Biyori (Season 1)","episode 4 & 5","","","","","","","","","","","","","","","","","","","","","","","","",""
"","","Naruto (Manga)","chapter 281-319 (vol. 32-35)","","","","","","","","","","","","","","","","","","","","","","","","",""
"","09","Touhou 7: Perfect Cherry Blossom","","Reimu A, Normal - 2 continues
died (twice) at stage 6, didn't expect to get that far for a run on a whim after more than a year","","","","","","","","","","","","","","","","","","","","","","","",""
"","","Nintendo Direct","","","","","","","","","","","","","","","","","","","","","","","","","",""
"","","started Non Non Biyori (Season 1)","episode 1-3","","","","","","","","","","","","","","","","","","","","","","","","",""
"","","Naruto (Manga)","chapter 272 & 273 (of vol. 31)
chapter 274-280 (rest of vol. 31)","","","","","","","","","","","","","","","","","","","","","","","","",""
"","08","Tsukihime (2000 VN)","48m
1h 8m","","","","","","","","","","","","","","","","","","","","","","","","",""
"","","Naruto (Manga)","chapter 218-254 (vol. 25-28 & first chapter of vol. 29)
chapter 255-271 (rest of vol. 29 & vol. 30)","","","","","","","","","","","","","","","","","","","","","","","","",""
"","07","Naruto (Manga)","chapter 172-217 (vol. 20-24)","","","","","","","","","","","","","","","","","","","","","","","","",""
"","06","Naruto (Manga)","chapter 136-153 (vol. 16 & 17)
chapter 154-171 (vol. 18 & 19)","","","","","","","","","","","","","","","","","","","","","","","","",""
"","","finished Yakuza 2 Restored","2h","i would have been screwed during the final fight if i hadn't equipped this reviving stone thingy at some point 
don't even know where i got that from","","","","","","","","","","","","","","","","","","","","","","","",""
"","05","Summer Game Fest 2026","","","","","","","","","","","","","","","","","","","","","","","","","",""
"","","Naruto (Manga)","chapter 100-117 (vol. 12 & 13)
chapter 118-135 (vol. 14 & 15)","","","","","","","","","","","","","","","","","","","","","","","","",""
"","","Yakuza 2 Restored","3h 36m","","","","","","","","","","","","","","","","","","","","","","","","",""
"","","Tsukihime (2000 VN)","1h 10m","fixed it","","","","","","","","","","","","","","","","","","","","","","","",""
"","04","Tsukihime (2000 VN)","1h 18m","started Ciel's Route but I think i'll have to restart because it's glitched and the clock won't stop ticking","","","","","","","","","","","","","","","","","","","","","","","",""
"","","Naruto (Manga)","chapter 91-99 (vol. 11)","","","","","","","","","","","","","","","","","","","","","","","","",""
"","","Yakuza 2 Restored","4h 35m","","","","","","","","","","","","","","","","","","","","","","","","",""
"","03","Naruto (Manga)","chapter 73-81 (vol. 9)
chapter 82-90 (vol. 10)","","","","","","","","","","","","","","","","","","","","","","","","",""
"","","Yakuza 2 Restored","3h 35m","","","","","","","","","","","","","","","","","","","","","","","","",""
"","02","State of Play","","doodoo","","","","","","","","","","","","","","","","","","","","","","","",""
"","","Naruto (Manga)","chapter 56-72
(rest of vol. 7 & vol. 8)","","","","","","","","","","","","","","","","","","","","","","","","",""
"","","started Yakuza 2 Restored","1h 30m","","","","","","","","","","","","","","","","","","","","","","","","",""
"","01","Tsukihime (2000 VN)","3h 37m
5h","finished Arcueid's Route (True + Good End)","","","","","","","","","","","","","","","","","","","","","","","",""
"","May 2026","","","","","","","","","","","","","","","","","","","","","","","","","","",""
"","31","One Piece (Manga)","chapter 1184","","","","","","","","","","","","","","","","","","","","","","","","",""
"","","Naruto (Manga)","chapter 55 (of vol. 7)","didn't feel like it today (or maybe not in general... but more on that probably soon...) [edit 08/06/2026: nvm]","","","","","","","","","","","","","","","","","","","","","","","",""
"","","finished Alice's Adventures in Wonderland (Illustrated Novel)","chapter 7-12","apparently not a fan of literary nonsense, probably not going to read the sequel (hence i crossed it out below)","","","","","","","","","","","","","","","","","","","","","","","",""
"","","Tsukihime (2000 VN)","3h 54m","","","","","","","","","","","","","","","","","","","","","","","","",""
"","30","started Alice's Adventures in Wonderland and Through the Looking Glass 
(Illustrated Novel)","chapter 1-6","this one
https://sevenseasentertainment.com/series/alices-adventures-in-wonderland/","","","","","","","","","","","","","","","","","","","","","","","",""
"","","Naruto (Manga)","chapter 46-54 (vol. 6)","","","","","","","","","","","","","","","","","","","","","","","","",""
"","","Tsukihime (2000 VN)","2h 46m","","","","","","","","","","","","","","","","","","","","","","","","",""
"","29","Naruto (Manga)","chapter 28-45 (vol. 4 & 5)","","","","","","","","","","","","","","","","","","","","","","","","",""
"","","started Tsukihime (2000 VN)","2h 20m","started Arcueid's Route","","","","","","","","","","","","","","","","","","","","","","","",""
"","","watched Nausicaä of the Valley of the Wind","","(started watching at like 2 am and finished the second half later because i was too sleepy)","","","","","","","","","","","","","","","","","","","","","","","",""
"","28","started Naruto (Manga)","chapter 1-27 (vol. 1-3)","","","","","","","","","","","","","","","","","","","","","","","","",""
"","27","read Higurashi no Naku Koro ni Rei: Saikoroshi-hen (Manga)","","","","","","","","","","","","","","","","","","","","","","","","","",""
"","","read Higurashi no Naku Koro ni: Kokoroiyashi-hen","","cute and funny side story/sequel
broken english scanlation though","","","","","","","","","","","","","","","","","","","","","","","",""
"","","finished Higurashi no Naku Koro ni Kai: Matsuribayashi-hen (Manga)","chapter 29-35 (vol. 7 & 8)","","","","","","","","","","","","","","","","","","","","","","","","",""
"","26","Higurashi no Naku Koro ni Kai: Matsuribayashi-hen (Manga)","chapter 19-28 (vol. 5 & 6)","","","","","","","","","","","","","","","","","","","","","","","","",""
"","","finished OreImo 2 (+ Specials)","episode 12 & 13
& 3 ep ONA","","","","","","","","","","","","","","","","","","","","","","","","",""
"","25","OreImo 2","episode 11","","","","","","","","","","","","","","","","","","","","","","","","",""
"","","Higurashi no Naku Koro ni Kai: Matsuribayashi-hen (Manga)","chapter 5-18 (vol. 2-4)","","","","","","","","","","","","","","","","","","","","","","","","",""
"","","One Piece (Anime)","episode 1163","","","","","","","","","","","","","","","","","","","","","","","","",""
"","24","started Higurashi no Naku Koro ni Kai: Matsuribayashi-hen (Manga)","chapter 1-4 (vol. 1)","","","","","","","","","","","","","","","","","","","","","","","","",""
"","","OreImo 2","episode 9 & 10","","","","","","","","","","","","","","","","","","","","","","","","",""
"","","finished Higurashi no Naku Koro ni Kai: Minagoroshi-hen (Manga)","chapter 14-25 (vol. 4-6)","","","","","","","","","","","","","","","","","","","","","","","","",""
"","23","started Higurashi no Naku Koro ni Kai: Minagoroshi-hen (Manga)","chapter 1-13 (vol. 1-3)","","","","","","","","","","","","","","","","","","","","","","","","",""
"","22","One Piece (Manga)","chapter 1183","","","","","","","","","","","","","","","","","","","","","","","","",""
"","","finished Code Geass: Lelouch of the Rebellion R2 (Rewatch) 
(+ Picture Drama)","episode 21-25","","","","","","","","","","","","","","","","","","","","","","","","",""
"","21","dropped Dorohedoro","chapter 50 & 51 (of vol. 9)","i'm just not invested at all. i think it's better to just consider it dropped for now and maybe give it another try from the beginning in the future","","","","","","","","","","","","","","","","","","","","","","","",""
"","","OreImo 2","episode 8","","","","","","","","","","","","","","","","","","","","","","","","",""
"","","Code Geass: Lelouch of the Rebellion R2 (Rewatch)","episode 13-20","","","","","","","","","","","","","","","","","","","","","","","","",""
"","20","finished The Boys - Season 5","season 5 episode 8","","","","","","","","","","","","","","","","","","","","","","","","",""
"","","OreImo 2","episode 5-7","","","","","","","","","","","","","","","","","","","","","","","","",""
"","","The Coffin of Andy and Leyley","34m","got the new Cleared Burial achievement real quick
(thought that was an april fools joke but i just saw they actually added something when i scrolled through my steam profile)","","","","","","","","","","","","","","","","","","","","","","","",""
"","","finished Higurashi no Naku Koro ni Kai: Tsumihoroboshi-hen (Manga)","chapter 8-16 (vol. 3 & 4)","","","","","","","","","","","","","","","","","","","","","","","","",""
"","19","OreImo 2","episode 4","","","","","","","","","","","","","","","","","","","","","","","","",""
"","","started Higurashi no Naku Koro ni Kai: Tsumihoroboshi-hen (Manga)","chapter 1-7 (vol. 1 & 2)","","","","","","","","","","","","","","","","","","","","","","","","",""
"","","Code Geass: Lelouch of the Rebellion R2 (Rewatch)","episode 4-12","","","","","","","","","","","","","","","","","","","","","","","","",""
"","18","started Code Geass: Lelouch of the Rebellion R2 (Rewatch)","episode 1-3","","","","","","","","","","","","","","","","","","","","","","","","",""
"","","started OreImo 2","episode 1-3","","","","","","","","","","","","","","","","","","","","","","","","",""
"","","One Piece (Anime)","episode 1162","","","","","","","","","","","","","","","","","","","","","","","","",""
"","17","finished Higurashi no Naku Koro ni Kai: Meakashi-hen (Manga)","chapter 12-21 (vol 3 & 4)","","","","","","","","","","","","","","","","","","","","","","","","",""
"","","finished Girls Band Cry","episode 8-13","","","","","","","","","","","","","","","","","","","","","","","","",""
"","16","started Higurashi no Naku Koro ni Kai: Meakashi-hen (Manga)","chapter 1-11 (vol 1 & 2)","","","","","","","","","","","","","","","","","","","","","","","","",""
"","","started Girls Band Cry","episode 1-7","","","","","","","","","","","","","","","","","","","","","","","","",""
"","15","finished Code Geass: Lelouch of the Rebellion (Rewatch) (+ Picture Drama)","episode 14-25","","","","","","","","","","","","","","","","","","","","","","","","",""
"","14","finished Shimeji Simulation","chapter 41-49 (vol. 5)","","","","","","","","","","","","","","","","","","","","","","","","",""
"","","Code Geass: Lelouch of the Rebellion (Rewatch)","episode 8-13","","","","","","","","","","","","","","","","","","","","","","","","",""
"","13","The Boys (Season 5)","season 5 episode 7","","","","","","","","","","","","","","","","","","","","","","","","",""
"","","Code Geass: Lelouch of the Rebellion (Rewatch)","episode 5-7","","","","","","","","","","","","","","","","","","","","","","","","",""
"","","Shimeji Simulation","chapter 21-40 (vol. 3 & 4)","","","","","","","","","","","","","","","","","","","","","","","","",""
"","12","started Code Geass: Lelouch of the Rebellion (Rewatch)","episode 1-4","","","","","","","","","","","","","","","","","","","","","","","","",""
"","","One Piece (Anime)","episode 1161","","","","","","","","","","","","","","","","","","","","","","","","",""
"","","watched Little Witch Academia (2013) & The Enchanted Parade","","","","","","","","","","","","","","","","","","","","","","","","","",""
"","11","Mario & Luigi: Superstar Saga","~40m","","","","","","","","","","","","","","","","","","","","","","","","",""
"","","finished Hyouka","episode 11.5-22","","","","","","","","","","","","","","","","","","","","","","","","",""
"","10","Mario & Luigi: Superstar Saga","27m","","","","","","","","","","","","","","","","","","","","","","","","",""
"","","Shimeji Simulation","chapter 12-20 (rest of vol. 2)","","","","","","","","","","","","","","","","","","","","","","","","",""
"","","finished Kiss x Sis (OVA 2008)","episode 9-12","apparently you're supposed to watch a few episodes of the tv version somewhere in between, oopsie 
don't think it's a huge problem though","","","","","","","","","","","","","","","","","","","","","","","",""
"","","finished Jujutsu Kaisen: The Culling Game Part 1 (Rewatch)","episode 7-12","","","","","","","","","","","","","","","","","","","","","","","","",""
"","09","Shimeji Simulation","chapter 11
(first chapter of vol. 2)","","","","","","","","","","","","","","","","","","","","","","","","",""
"","","Mario & Luigi: Superstar Saga","1h 19m","","","","","","","","","","","","","","","","","","","","","","","","",""
"","","Kiss x Sis (OVA 2008)","episode 7 & 8","","","","","","","","","","","","","","","","","","","","","","","","",""
"","","started Jujutsu Kaisen: The Culling Game Part 1 (Rewatch)","episode 1-6","","","","","","","","","","","","","","","","","","","","","","","","",""
"","","finished Jujutsu Kaisen 2nd Season (Rewatch)","episode 20-23","","","","","","","","","","","","","","","","","","","","","","","","",""
"","08","Re:ZERO -Starting Life in Another World- Season 4","season 4 episode 5","","","","","","","","","","","","","","","","","","","","","","","","",""
"","","One Piece (Manga)","chapter 1182","","","","","","","","","","","","","","","","","","","","","","","","",""
"","","Kiss x Sis (OVA 2008)","episode 5 & 6","","","","","","","","","","","","","","","","","","","","","","","","",""
"","","Jujutsu Kaisen 2nd Season (Rewatch)","episode 12-19","","","","","","","","","","","","","","","","","","","","","","","","",""
"","07","Kiss x Sis (OVA 2008)","episode 4","","","","","","","","","","","","","","","","","","","","","","","","",""
"","","started Shimeji Simulation","chapter 1-10 (vol. 1)","","","","","","","","","","","","","","","","","","","","","","","","",""
"","","Xbox Presents: A Special Look at STRANGER THAN HEAVEN","","","","","","","","","","","","","","","","","","","","","","","","","",""
"","","Jujutsu Kaisen 2nd Season (Rewatch)","episode 6-11","","","","","","","","","","","","","","","","","","","","","","","","",""
"","06","started Mario & Luigi: Superstar Saga","1h 35m","","","","","","","","","","","","","","","","","","","","","","","","",""
"","","The Boys (Season 5)","season 5 episode 6","","","","","","","","","","","","","","","","","","","","","","","","",""
"","","started Kiss x Sis (OVA 2008)","episode 1 & 2
episode 3","","","","","","","","","","","","","","","","","","","","","","","","",""
"","","started & dropped The Tatami Galaxy","episode 1","maybe i'll give it another shot but that doesn't seem like my cup of tea at all and i'm already forcing myself to watch an anime i'm not really feeling right now","","","","","","","","","","","","","","","","","","","","","","","",""
"","05","Hyouka","episode 11","","","","","","","","","","","","","","","","","","","","","","","","",""
"","","finished I Want to Eat Your Pancreas (Light Novel)","chapter 8-10","can't wait for the next 7h power outage so i can start reading the next absolutely amazing book","","","","","","","","","","","","","","","","","","","","","","","",""
"","","Jujutsu Kaisen 2nd Season (Rewatch)","episode 3
episode 4 & 5","uh oh...","","","","","","","","","","","","","","","","","","","","","","","",""
"","04","I Want to Eat Your Pancreas (Light Novel)","chapter 7","","","","","","","","","","","","","","","","","","","","","","","","",""
"","","read Higurashi no Naku Koro ni: Yoigoshi-hen (Manga)","","what in the fanfiction","","","","","","","","","","","","","","","","","","","","","","","",""
"","","started Jujutsu Kaisen 2nd Season (Rewatch)","episode 1 & 2","","","","","","","","","","","","","","","","","","","","","","","","",""
"","","Hyouka","episode 10","considering dropping this. hate to say this about a kyoani anime but it's just not my cup of tea. maybe one more episode","","","","","","","","","","","","","","","","","","","","","","","",""
"","","One Piece (Anime)","episode 1160","","","","","","","","","","","","","","","","","","","","","","","","",""
"","","watched Jujutsu Kaisen 0 (Rewatch)","","","","","","","","","","","","","","","","","","","","","","","","","",""
"","03","I Want to Eat Your Pancreas (Light Novel)","chapter 6","","","","","","","","","","","","","","","","","","","","","","","","",""
"","","read Higurashi no Naku Koro ni: Himatsubushi-hen (Manga)","","","","","","","","","","","","","","","","","","","","","","","","","",""
"","02","I Want to Eat Your Pancreas (Light Novel)","chapter 5","","","","","","","","","","","","","","","","","","","","","","","","",""
"","","finished Higurashi no Naku Koro ni: Tatarigoroshi-hen (Manga)","volume 2","that one scene will never not make me tear up in any adaptation","","","","","","","","","","","","","","","","","","","","","","","",""
"","","Hyouka","episode 9","","","","","","","","","","","","","","","","","","","","","","","","",""
"","","My Little Pony: Friendship Is Magic","season 3 episode 11","","","","","","","","","","","","","","","","","","","","","","","","",""
"","01","Hyouka","episode 8","","","","","","","","","","","","","","","","","","","","","","","","",""
"","","started Higurashi no Naku Koro ni: Tatarigoroshi-hen (Manga)","volume 1","","","","","","","","","","","","","","","","","","","","","","","","",""
"","","finished Jujutsu Kaisen (Season 1) (Rewatch)","episode 21
episode 22-24","the world has gone crazy. 
apparently i like jujutsu kaisen now","","","","","","","","","","","","","","","","","","","","","","","",""
"","April 2026","","","","","","","","","","","","","","","","","","","","","","","","","","",""
"","30","I Want to Eat Your Pancreas (Light Novel)","rest of chapter 4","(chapter 4 is very long)","","","","","","","","","","","","","","","","","","","","","","","",""
"","","Jujutsu Kaisen (Season 1) (Rewatch)","episode 13-20","","","","","","","","","","","","","","","","","","","","","","","","",""
"","29","The Boys (Season 5)","season 5 episode 5","","","","","","","","","","","","","","","","","","","","","","","","",""
"","","Re:ZERO -Starting Life in Another World- Season 4","season 4 episode 4","","","","","","","","","","","","","","","","","","","","","","","","",""
"","","One Piece (Anime)","episode 1159","","","","","","","","","","","","","","","","","","","","","","","","",""
"","","started Jujutsu Kaisen (Season 1) (Rewatch)","episode 1-12","don't ask","","","","","","","","","","","","","","","","","","","","","","","",""
"","28","started I Want to Eat Your Pancreas (Light Novel)","chapter 1-3 & beginning of 4","yet another power outage","","","","","","","","","","","","","","","","","","","","","","","",""
"","27","Hyouka","episode 7","","","","","","","","","","","","","","","","","","","","","","","","",""
"","","My Little Pony: Friendship Is Magic","season 3 episode 10","","","","","","","","","","","","","","","","","","","","","","","","",""
"","","finished Saya no Uta","3h 38m","","","","","","","","","","","","","","","","","","","","","","","","",""
"","26","forced myself to continue Dorohedoro (Manga)","chapter 44-49 (vol. 8)","did something more for me than volume 7
still hasn't hooked me though","","","","","","","","","","","","","","","","","","","","","","","",""
"","","EarthBound","2h 29m","","","","","","","","","","","","","","","","","","","","","","","","",""
"","","My Little Pony: Friendship Is Magic","season 3 episode 9","","","","","","","","","","","","","","","","","","","","","","","","",""
"","25","read Higurashi no Naku Koro ni: Watanagashi-hen (Manga)","","","","","","","","","","","","","","","","","","","","","","","","","",""
"","","EarthBound","1h 20m","","","","","","","","","","","","","","","","","","","","","","","","",""
"","","Touhou 11","","Reimu A, Normal
died right in the beginning of stage 5, didn't continue
(just realized i could've though since it was right in the beginning...)
never got this far before","","","","","","","","","","","","","","","","","","","","","","","",""
"","24","Tomodachi Life: Living the Dream","1h 21m","","","","","","","","","","","","","","","","","","","","","","","","",""
"","","One Piece (Manga)","chapter 1181","","","","","","","","","","","","","","","","","","","","","","","","",""
"","","started Saya no Uta","5h 37m","","","","","","","","","","","","","","","","","","","","","","","","",""
"","23","Hyouka","episode 5 & 6","","","","","","","","","","","","","","","","","","","","","","","","",""
"","","started EarthBound ","4h 9m","","","","","","","","","","","","","","","","","","","","","","","","",""
"","","Re:ZERO -Starting Life in Another World- Season 4","season 4 episode 3","insane episode","","","","","","","","","","","","","","","","","","","","","","","",""
"","22","read Higurashi no Naku Koro ni: Onikakushi-hen (Manga)","","MORE HIGURASHI !!!","","","","","","","","","","","","","","","","","","","","","","","",""
"","","The Boys (Season 5)","season 5 episode 4","","","","","","","","","","","","","","","","","","","","","","","","",""
"","","Hyouka","episode 4","","","","","","","","","","","","","","","","","","","","","","","","",""
"","","finished Pragmata","5h 55m","Main Story + Unknown Signal","","","","","","","","","","","","","","","","","","","","","","","",""
"","21","started Hyouka (Anime)","episode 1-3","time for new kyoani kino","","","","","","","","","","","","","","","","","","","","","","","",""
"","","Pragmata","6h 20m","","","","","","","","","","","","","","","","","","","","","","","","",""
"","","One Piece (Anime)","episode 1158","","","","","","","","","","","","","","","","","","","","","","","","",""
"","20","Pragmata","2h 41m","","","","","","","","","","","","","","","","","","","","","","","","",""
"","","finished Haibane Renmei","episode 10-13","everyone needs to watch","","","","","","","","","","","","","","","","","","","","","","","",""
"","19","JoJo Part 5 (Manga)","chapter 21-33 (rest of vol. 2)","","","","","","","","","","","","","","","","","","","","","","","","",""
"","","Pragmata","2h 26m","","","","","","","","","","","","","","","","","","","","","","","","",""
"","","Haibane Renmei","episode 5-9","","","","","","","","","","","","","","","","","","","","","","","","",""
"","18","started Haibane Renmei","episode 1-4","","","","","","","","","","","","","","","","","","","","","","","","",""
"","","started Pragmata","1h 40m","","","","","","","","","","","","","","","","","","","","","","","","",""
"","17","One Piece (Manga)","chapter 1180","","","","","","","","","","","","","","","","","","","","","","","","",""
"","","JoJo Part 5 (Manga)","chapter 16-20
(beginning of vol. 2)","","","","","","","","","","","","","","","","","","","","","","","","",""
"","","My Little Pony: Friendship Is Magic","season 3 episode 8","","","","","","","","","","","","","","","","","","","","","","","","",""
"","","finished Higurashi: When They Cry – SOTSU","episode 8-15","","","","","","","","","","","","","","","","","","","","","","","","",""
"","16","started JoJo's Bizarre Adventure Part 5: Golden Wind (Manga)","chapter 1-15 (vol. 1)","","","","","","","","","","","","","","","","","","","","","","","","",""
"","","started Higurashi: When They Cry – SOTSU","episode 1-7","","","","","","","","","","","","","","","","","","","","","","","","",""
"","15","Re:ZERO -Starting Life in Another World- Season 4","season 4 episode 2","","","","","","","","","","","","","","","","","","","","","","","","",""
"","","The Boys (Season 5)","season 5 episode 3","","","","","","","","","","","","","","","","","","","","","","","","",""
"","","finished Onani Master Kurosawa","chapter 25-31 (vol. 4)","","","","","","","","","","","","","","","","","","","","","","","","",""
"","","finished Higurashi: When They Cry – Gou (Anime)","episode 16-24","","","","","","","","","","","","","","","","","","","","","","","","",""
"","14","Onani Master Kurosawa","chapter 17-24 (vol. 3)","","","","","","","","","","","","","","","","","","","","","","","","",""
"","","Higurashi Gou","episode 4-7
episode 8-15","","","","","","","","","","","","","","","","","","","","","","","","",""
"","13","Onani Master Kurosawa","chapter 5-16 
(rest of vol. 1 & vol. 2)","","","","","","","","","","","","","","","","","","","","","","","","",""
"","","started Higurashi: When They Cry – Gou (Anime)","episode 1-3","","","","","","","","","","","","","","","","","","","","","","","","",""
"","","FINISHED UMINEKO WHEN THEY CRY (VN) (EPISODE 8)","~5h","(+ omake i missed before)","","","","","","","","","","","","","","","","","","","","","","","",""
"","","One Piece (Anime)","episode 1157","","","","","","","","","","","","","","","","","","","","","","","","",""
"","12","started Onani Master Kurosawa","chapter 1-4 (first half of vol. 1)","","","","","","","","","","","","","","","","","","","","","","","","",""
"","","My Little Pony: Friendship Is Magic","season 3 episode 7","first episode in a while","","","","","","","","","","","","","","","","","","","","","","","",""
"","","Umineko When They Cry (VN) (Episode 8)","4h","was sadly distracted quite a few times today but i think we're nearing the finale","","","","","","","","","","","","","","","","","","","","","","","",""
"","11","finished Three Days of Happiness (Light Novel)","chapter 10-15","my first light novel ever, started it because i had an announced power outage for a few hours a few days ago.
very glad i read this. might have convinced me to read more light novels in the near future","","","","","","","","","","","","","","","","","","","","","","","",""
"","","Umineko When They Cry (VN) (Episode 8)","1h 4m","","","","","","","","","","","","","","","","","","","","","","","","",""
"","10","Three Days of Happiness (Light Novel)","chapter 6-9","reading a book on pc is making me dizzy","","","","","","","","","","","","","","","","","","","","","","","",""
"","","Umineko When They Cry (VN) (Episode 8)","4h 13m","","","","","","","","","","","","","","","","","","","","","","","","",""
"","09","forced myself to continue Dorohedoro (Manga)","chapter 37-43 (vol. 7)","still not feeling it","","","","","","","","","","","","","","","","","","","","","","","",""
"","","finally continued Three Days of Happiness (Light Novel)","chapter 3-5","","","","","","","","","","","","","","","","","","","","","","","","",""
"","","finished OreImo Season 1 (+ Specials)","episode 10-12
4 ep ONA","","","","","","","","","","","","","","","","","","","","","","","","",""
"","08","Umineko When They Cry (VN) (Episode 8)","3h","","","","","","","","","","","","","","","","","","","","","","","","",""
"","","started Re:ZERO -Starting Life in Another World- Season 4","","liked it very much","","","","","","","","","","","","","","","","","","","","","","","",""
"","","started The Boys (Season 5)","","hope Gen V season 2 isn't important because i never bothered to watch it","","","","","","","","","","","","","","","","inner borders
#252932","","","","","","","",""
"","","OreImo","episode 6-9","","","","","","","","","","","","","","","","","","","","","","","","",""
"","07","started OreImo (Anime)","episode 1-5","","","","","","","","","","","","","","","","","","","","","","","","",""
"","","watched Everything Everywhere All at Once","","unbelievably painful watch","","","","","","","","","","","","","","","","inner borders
#252932","","","","","","","",""
"","06","started Umineko When They Cry (VN) (Episode 8)","5h","","","","","","","","","","","","","","","","","","","","","","","","",""
"","","started One Piece (Elbaph Arc)","episode 1156","","","","","","","","","","","","","","","","","inner borders
#252932","","","","","","","",""
"","05","finished Don't Toy With Me, Miss Nagatoro (Manga)","chapter 110-154 (vol. 15-20)","","","","","","","","","","","","","","","","","inner borders
#252932","","","","","","","",""
"","04","Don't Toy With Me, Miss Nagatoro (Manga)","chapter 71-109 (vol. 10-14)","","","","","","","","","","","","","","","","","","","","","","","","",""
"","","tried out PokéPath TD","dunno","","","","","","","","","","","","","","","","","inner borders
#252932","","","","","","","",""
"","03","Don't Toy With Me, Miss Nagatoro (Manga)","chapter 54-70 (vol. 8-9)","","","","","","","","","","","","","","","","","","","","","","","","",""
"","","finished Ichigo Mashimaro (+ OVA & Encore)","episode 8-12
& 3 ep OVA + 2 ep Encore","i could watch 1000 more episodes of this 
why didn't they make more","","","","","","","","","","","","","","","","","","","","","","","",""
"","","Touhou 11","","Reimu A, Normal - died at stage 4, didn't continue","","","","","","","","","","","","","","","","","","","","","","","",""
"","02","One Piece (Manga)","chapter 1179","","","","","","","","","","","","","","","","","","","","","","","","",""
"","","started Ichigo Mashimaro (Anime)","episode 1-7","","","","","","","","","","","","","","","","","inner borders
#252932","","","","","","","",""
"","01","finished Umineko When They Cry (VN) (Episode 7)","6h 17m","","","","","","","","","","","","","","","","","","","","","","","","",""
"","","started Three Days of Happiness (Light Novel)","chapter 1-2","started reading this on my phone because my power was out","","","","","","","","","","","","","","","","month borders
#3b4760","","","","","","","",""
"","","Don't Toy With Me, Miss Nagatoro (Manga)","chapter 47-53 (vol. 7)","","","","","","","","","","","","","","","","","","","","","","","","",""
"","March 2026","","","","","","","","","","","","","","","","","","","date number
#badefc","","","","","","","",""
"","31","watched Parasite","","","","","","","","","","","","","","","","","","","","","","","","","",""
"","","Umineko When They Cry (VN) (Episode 7)","2h","","","","","","","","","","","","","","","","","","","","","","","","",""
"","","Don't Toy With Me, Miss Nagatoro (Manga)","chapter 24-46 (vol. 4-6)","","","","","","","","","","","","","","","","","","","","","","","","",""
"","30","watched End of Evangelion (again)","","this was so important","","","","","","","","","","","","","","","","","","","","","","","",""
"","","Umineko When They Cry (VN) (Episode 7)","2h 44m","","","","","","","","","","","","","","","","","","","","","","","","",""
"","","Touhou 11","","Reimu A, Normal - died at stage 3, didn't continue","","","","","","","","","","","","","","","","","","","","","","","",""
"","29","finished Neon Genesis Evangelion (Rewatch)","ep 25 & 26","","","","","","","","","","","","","","","","","","","","","","","","",""
"","","watched End of Evangelion (Rewatch)","","","","","","","","","","","","","","","","","","","","","","","","","",""
"","","started Don't Toy With Me, Miss Nagatoro (Manga)","chapter 1-23 (vol. 1-3)","","","","","","","","","","","","","","","","","","","","","","","","",""
"","28","finished JoJo Part 4 (Manga)","","","","","","","","","","","","","","","","","","","","","","","","","",""
"","","One Piece (Manga)","chapter 1178","","","","","","","","","","","","","","","","","","","","","","","","",""
"","","Neon Genesis Evangelion (Rewatch)","","","","","","","","","","","","","","","","","","","","","","","","","",""
"","","forced myself to continue Dorohedoro (Manga)","chapter 31-36 (vol. 6)","","","","","","","","","","","","","","","","","","","","","","","","",""
"","wrote down everything in a separate list before the 28th, might add it later but too lazy atm","","","","","","","","","","","","","","","","","","","","","","","","","","",""
"","27","","","","","","","","","","","","","","","","","","","","","","","","","","",""
"","26","","","","","","","","","","","","","","","","","","","","","","","","","","",""
"","25","","","","","","","","","","","","","","","","","","","","","","","","","","",""
"","24","","","","","","","","","","","","","","","","","","","","","","","","","","",""
"","23","","","","","","","","","","","","","","","","","","","","","","","","","","",""
"","22","","","","","","","","","","","","","","","","","","","","","","","","","","",""
"","21","","","","","","","","","","","","","","","","","","","","","","","","","","",""
"","20","","","","","","","","","","","","","","","","","","","","","","","","","","",""
"","19","","","","","","","","","","","","","","","","","","","","","","","","","","",""
"","18","","","","","","","","","","","","","","","","","","","","","","","","","","",""
"","17","","","","","","","","","","","","","","","","","","","","","","","","","","",""
"","16","","","","","","","","","","","","","","","","","","","","","","","","","","",""
"","15","","","","","","","","","","","","","","","","","","","","","","","","","","",""
"","14","","","","","","","","","","","","","","","","","","","","","","","","","","",""
"","13","","","","","","","","","","","","","","","","","","","","","","","","","","",""
"","12","","","","","","","","","","","","","","","","","","","","","","","","","","",""
"","11","","","","","","","","","","","","","","","","","","","","","","","","","","",""
"","10","","","","","","","","","","","","","","","","","","","","","","","","","","",""
"","09","","","","","","","","","","","","","","","","","","","","","","","","","","",""
"","08","","","","","","","","","","","","","","","","","","","","","","","","","","",""
"","07","","","","","","","","","","","","","","","","","","","","","","","","","","",""
"","06","","","","","","","","","","","","","","","","","","","","","","","","","","",""
"","05","","","","","","","","","","","","","","","","","","","","","","","","","","",""
"","04","","","","","","","","","","","","","","","","","","","","","","","","","","",""
"","03","","","","","","","","","","","","","","","","","","","","","","","","","","",""
"","02","","","","","","","","","","","","","","","","","","","","","","","","","","",""
"","01","","","","","","","","","","","","","","","","","","","","","","","","","","",""
"","February 2026","","","","","","","","","","","","","","","","","","","","","","","","","","",""
"","28","","","","","","","","","","","","","","","","","","","","","","","","","","",""
"","27","","","","","","","","","","","","","","","","","","","","","","","","","","",""
"","26","","","","","","","","","","","","","","","","","","","","","","","","","","",""
"","25","","","","","","","","","","","","","","","","","","","","","","","","","","",""
"","24","","","","","","","","","","","","","","","","","","","","","","","","","","",""
"","23","","","","","","","","","","","","","","","","","","","","","","","","","","",""
"","22","","","","","","","","","","","","","","","","","","","","","","","","","","",""
"","21","","","","","","","","","","","","","","","","","","","","","","","","","","",""
"","20","","","","","","","","","","","","","","","","","","","","","","","","","","",""
"","19","","","","","","","","","","","","","","","","","","","","","","","","","","",""
"","18","","","","","","","","","","","","","","","","","","","","","","","","","","",""
"","17","","","","","","","","","","","","","","","","","","","","","","","","","","",""
"","16","","","","","","","","","","","","","","","","","","","","","","","","","","",""
"","15","","","","","","","","","","","","","","","","","","","","","","","","","","",""
"","14","","","","","","","","","","","","","","","","","","","","","","","","","","",""
"","13","","","","","","","","","","","","","","","","","","","","","","","","","","",""
"","12","","","","","","","","","","","","","","","","","","","","","","","","","","",""
"","11","","","","","","","","","","","","","","","","","","","","","","","","","","",""
"","10","","","","","","","","","","","","","","","","","","","","","","","","","","",""
"","09","","","","","","","","","","","","","","","","","","","","","","","","","","",""
"","08","","","","","","","","","","","","","","","","","","","","","","","","","","",""
"","07","","","","","","","","","","","","","","","","","","","","","","","","","","",""
"","06","","","","","","","","","","","","","","","","","","","","","","","","","","",""
"","05","","","","","","","","","","","","","","","","","","","","","","","","","","",""
"","04","","","","","","","","","","","","","","","","","","","","","","","","","","",""
"","03","","","","","","","","","","","","","","","","","","","","","","","","","","",""
"","02","","","","","","","","","","","","","","","","","","","","","","","","","","",""
"","01","","","","","","","","","","","","","","","","","","","","","","","","","","",""
"","January 2026","","","","","","","","","","","","","","","","","","","","","","","","","","",""
"","31","","","","","","","","","","","","","","","","","","","","","","","","","","",""
"","30","","","","","","","","","","","","","","","","","","","","","","","","","","",""
"","29","","","","","","","","","","","","","","","","","","","","","","","","","","",""
"","28","","","","","","","","","","","","","","","","","","","","","","","","","","",""
"","27","","","","","","","","","","","","","","","","","","","","","","","","","","",""
"","26","","","","","","","","","","","","","","","","","","","","","","","","","","",""
"","25","","","","","","","","","","","","","","","","","","","","","","","","","","",""
"","24","","","","","","","","","","","","","","","","","","","","","","","","","","",""
"","23","","","","","","","","","","","","","","","","","","","","","","","","","","",""
"","22","","","","","","","","","","","","","","","","","","","","","","","","","","",""
"","21","","","","","","","","","","","","","","","","","","","","","","","","","","",""
"","20","","","","","","","","","","","","","","","","","","","","","","","","","","",""
"","19","","","","","","","","","","","","","","","","","","","","","","","","","","",""
"","18","","","","","","","","","","","","","","","","","","","","","","","","","","",""
"","17","","","","","","","","","","","","","","","","","","","","","","","","","","",""
"","16","","","","","","","","","","","","","","","","","","","","","","","","","","",""
"","15","","","","","","","","","","","","","","","","","","","","","","","","","","",""
"","14","","","","","","","","","","","","","","","","","","","","","","","","","","",""
"","13","","","","","","","","","","","","","","","","","","","","","","","","","","",""
"","12","","","","","","","","","","","","","","","","","","","","","","","","","","",""
"","11","","","","","","","","","","","","","","","","","","","","","","","","","","",""
"","10","","","","","","","","","","","","","","","","","","","","","","","","","","",""
"","09","","","","","","","","","","","","","","","","","","","","","","","","","","",""
"","08","","","","","","","","","","","","","","","","","","","","","","","","","","",""
"","07","","","","","","","","","","","","","","","","","","","","","","","","","","",""
"","06","","","","","","","","","","","","","","","","","","","","","","","","","","",""
"","05","","","","","","","","","","","","","","","","","","","","","","","","","","",""
"","04","","","","","","","","","","","","","","","","","","","","","","","","","","",""
"","03","","","","","","","","","","","","","","","","","","","","","","","","","","",""
"","02","","","","","","","","","","","","","","","","","","","","","","","","","","",""
"","01","","","","","","","","","","","","","","","","","","","","","","","","","","",""